20260119104007,TEST67890,1,1,116,2049
20260119104018,TEST67890,1,45,116,2049
20260119104020,TEST67890,1,90,116,2049
20260119104021,TEST67890,1,135,116,2049
20260119104022,TEST67890,1,180,116,2049
20260119104024,TEST67890,1,225,116,2049
20260119104025,TEST67890,1,270,116,2049
20260119104026,TEST67890,1,315,116,2049
20260119104043,TEST67890,2,1,116,2049
20260119104044,TEST67890,2,45,116,2049
20260119104045,TEST67890,2,90,116,2049
20260119104047,TEST67890,2,135,116,2049
20260119104048,TEST67890,2,180,116,2049
20260119104049,TEST67890,2,225,116,2049
20260119104051,TEST67890,2,270,116,2049
20260119104052,TEST67890,2,315,116,2049
20260119104108,TEST67890,3,1,116,2049
20260119104109,TEST67890,3,45,116,2049
20260119104111,TEST67890,3,90,116,2049
20260119104112,TEST67890,3,135,116,2049
20260119104113,TEST67890,3,180,116,2049
20260119104115,TEST67890,3,225,116,2049
20260119104116,TEST67890,3,270,116,2049
20260119104117,TEST67890,3,315,116,2049
20260119104128,TEST67890,4,1,116,2049
20260119104130,TEST67890,4,45,116,2049
20260119104131,TEST67890,4,90,116,2049
20260119104132,TEST67890,4,135,116,2049
20260119104133,TEST67890,4,180,116,2049
20260119104135,TEST67890,4,225,116,2049
20260119104136,TEST67890,4,270,116,2049
20260119104137,TEST67890,4,315,116,2049
20260119162335,TEST67890,1,1,116,2049
20260119162348,TEST67890,1,45,116,2049
20260119162349,TEST67890,1,90,116,2049
20260119162351,TEST67890,1,135,116,2049
20260119162352,TEST67890,1,180,116,2049
20260119162354,TEST67890,1,225,116,2049
20260119162355,TEST67890,1,270,116,2049
20260119162356,TEST67890,1,315,116,2049
20260119162412,TEST67890,2,1,116,2049
20260119162414,TEST67890,2,45,116,2049
20260119162415,TEST67890,2,90,116,2049
20260119162416,TEST67890,2,135,116,2049
20260119162418,TEST67890,2,180,116,2049
20260119162419,TEST67890,2,225,116,2049
20260119162420,TEST67890,2,270,116,2049
20260119162422,TEST67890,2,315,116,2049
20260119162438,TEST67890,3,1,116,2049
20260119162439,TEST67890,3,45,116,2049
20260119162440,TEST67890,3,90,116,2049
20260119162442,TEST67890,3,135,116,2049
20260119162443,TEST67890,3,180,116,2049
20260119162444,TEST67890,3,225,116,2049
20260119162446,TEST67890,3,270,116,2049
20260119162447,TEST67890,3,315,116,2049
20260119162459,TEST67890,4,1,116,2049
20260119162501,TEST67890,4,45,116,2049
20260119162502,TEST67890,4,90,116,2049
20260119162503,TEST67890,4,135,116,2049
20260119162505,TEST67890,4,180,116,2049
20260119162507,TEST67890,4,225,116,2049
20260119162509,TEST67890,4,270,116,2049
20260119162510,TEST67890,4,315,116,2049
